,A,B,C,D
2000-01-01,-0.6495432177124223,0.47455507383579143,0.31016658066190056,0.2777088508829327
2000-01-02,-0.7946304858053659,-1.3116054261978314,1.9938405306433191,1.0350008955363512
2000-01-03,-2.7207123232922577,-1.1171898759654149,1.8454037843243676,1.5397881532557598
2000-01-04,-1.231158819548891,-1.946559587609555,3.2673723395313514,2.587028697500623
2000-01-05,-1.601565401895646,-2.0959493390619977,3.9005850451160637,4.184287697067711
2000-01-06,-0.9163880386452701,-2.234479935464524,4.896691809565188,4.7403426432541975
2000-01-07,-1.2676749642054834,-1.7338244038820787,4.508030363267946,4.121352965751574
2000-01-08,-1.528623784180624,-2.535877447574376,5.140138291549668,3.712871302538358
2000-01-09,-1.5579244354876844,-1.4946436928931128,5.516667985380614,1.4507136925957638
2000-01-10,-3.148175664109036,-1.0412016762692495,7.353450147754318,0.7424404282783736
2000-01-11,-3.2640264997249973,-1.8202171485111693,6.849081703258055,0.24667700196108527
2000-01-12,-4.322622591961659,-3.33622345471505,5.957498525464071,-0.27118492487907514
2000-01-13,-4.939242618322419,-4.358733268101846,5.564334982936459,1.3996720359191346
2000-01-14,-4.348548258877353,-4.491194231588411,6.049927533626742,-0.2388761302383584
2000-01-15,-3.790128196997155,-5.704936136357414,4.039465802810314,-0.2753535664958762
2000-01-16,-2.9488804950594556,-5.347140631571095,4.029893908630787,0.8124318722972046
2000-01-17,-2.8013251191139252,-5.245361201313934,3.5862053591287304,2.1902720869414245
2000-01-18,-1.2937996441744828,-3.8497554261021563,2.416416604951107,2.4835771667558864
2000-01-19,-0.21147750485749373,-2.525234863179543,3.8024387717721027,2.6093338958695247
2000-01-20,0.3768598097451803,-4.234204624183482,3.099065841124026,2.7618186445789688
2000-01-21,0.49573237696231726,-2.386448440216319,3.8637742172596345,2.2608923786420005
2000-01-22,0.010715753399932304,-0.12359719626647125,3.6778059127669063,1.8986147176357933
2000-01-23,-0.781363628938506,0.9011006775646457,4.950507066860568,1.8662873275491918
2000-01-24,0.021336103337297962,-0.1744019248785913,5.312977413161521,2.5162068903786516
2000-01-25,0.30087008691845746,-0.15404061229713661,4.2274897032182865,2.5199806422366766
2000-01-26,1.6380424203049089,-1.2671434994775672,5.833241451015696,2.2064173472639785
2000-01-27,1.665034673380564,-0.1058272731793215,3.7732399471949805,2.076503176003957
2000-01-28,0.1845346800904053,-0.33254533768125766,1.8807020003967052,3.227110405929764
2000-01-29,1.4809726218572912,-1.0210913676274345,1.3285726560012021,2.5444257697531416
2000-01-30,2.7480755475997447,-1.3341483981237288,0.02117884098704903,0.3965044764967569
2000-01-31,2.853108428313411,-0.42176078960659136,1.3421345763533414,0.6771981679930023
2000-02-01,2.0938925459339814,0.5892690806102661,-0.001459439253731265,0.4662887898044856
2000-02-02,1.5231785644777793,0.774311478789509,-0.5497307688960716,-0.2969939284736468
2000-02-03,2.567206064617101,0.1118317909068649,-0.05710387649288645,-0.43542059931194826
2000-02-04,3.787352790650001,0.17775485085524464,0.274574469088953,0.8742196881044029
2000-02-05,4.706946468167802,0.32990090430019525,0.13154710276291082,1.0115633293832411
2000-02-06,4.459165677706115,-0.2765408772468082,-0.41996072600070733,1.6445151174037984
2000-02-07,5.161712720555974,-0.5763201148877083,-0.1506809172601039,1.32816874155348
2000-02-08,5.32084245748103,-0.806739372724701,-2.192314270193307,1.3124506600875285
2000-02-09,6.7709140085371615,-0.9229762223386775,-1.5421626279765128,0.6856516324127793
2000-02-10,7.594608799482461,0.6107459750599766,-2.212784426879951,-0.797004469417774
2000-02-11,7.342121834611035,0.8902193298313154,-0.9341864850070265,-0.45378913251080966
2000-02-12,8.766880309602083,0.39281190483049006,-0.9386271427037858,1.2837638147463852
2000-02-13,9.761337354038238,2.4461425480127574,0.4030911104806165,0.9610140584410571
2000-02-14,9.501361349374966,3.377170625111995,-0.2143355736310506,-0.07678002584803312
2000-02-15,9.91287960772135,3.581608081143716,0.2517352543294211,0.6043860820133968
2000-02-16,9.308515587807793,4.162515447240125,1.359515507296269,1.418161560120752
2000-02-17,9.180658679929929,5.398945409948482,0.37939126409275403,1.0353839321623959
2000-02-18,12.047887009291944,5.165864159575124,0.8679210841580407,1.0197274778792387
2000-02-19,12.337335977955338,4.8068042400209,-0.11763746304423994,-0.31990416055597604
2000-02-20,11.663438165359558,5.831053354723701,-0.5638593994053991,-1.1259840173538813
2000-02-21,12.430303800126277,3.842555832722277,-0.5593675929280696,-0.54516392011296
2000-02-22,13.613261911875162,4.616330546982388,0.30500397500653287,-0.37810103017215135
2000-02-23,13.099718347063238,7.136361257987385,0.7662881272515443,-2.047359125147118
2000-02-24,14.329361862464324,7.178717885645293,1.1889918705212263,-1.9008289897315895
2000-02-25,16.28546364419429,5.650800056456596,2.2788193048670253,-1.0575170222927808
2000-02-26,15.65561500938859,5.591995445423711,1.8614679173530142,-2.0379495702585713
2000-02-27,15.787976622740238,4.485749187618816,1.9925183157162345,-2.7595765975007582
2000-02-28,16.023988450595198,4.952540685685678,2.0573088744906167,-2.77899852306734
2000-02-29,15.093114261790724,6.533374217089688,1.5670115355538856,-3.082879984848887
2000-03-01,16.03513652512431,7.114343323526436,0.6197218043618795,-1.9742868576466563
2000-03-02,16.84453678037642,7.802377177526726,-0.3408426191838114,-2.519485730766551
2000-03-03,16.196771904086184,9.209922238329426,-2.1515484354845653,-2.6409357979919537
2000-03-04,15.201462507715187,8.828631284813438,-2.7278258810938913,-3.100120940633095
2000-03-05,16.77372537269683,8.032833912880282,-2.5845217129064983,-3.938258516572286
2000-03-06,16.900875520038,7.720605802122171,-2.9369433219612873,-5.336607559257635
2000-03-07,15.13777056876547,7.859181734456484,-2.793907057308839,-6.141790894975407
2000-03-08,15.02119308696923,5.623691259739104,-3.6194581496296676,-6.076296420146335
2000-03-09,16.269245655683637,4.114212456656686,-5.522064927328456,-5.2368906327084845
2000-03-10,17.004808668654245,3.2080967868260153,-4.455249154277735,-3.6834407910844034
2000-03-11,17.300280585909608,3.511401162551135,-5.80103831008365,-3.8178991404531097
2000-03-12,18.808964493351986,4.888693138472329,-6.068403522330382,-4.215384449688062
2000-03-13,20.18294505284454,4.692914150963231,-6.793274344724784,-3.8583395567556855
2000-03-14,19.509533383751616,4.95063393902246,-6.692704898267275,-3.2871251256268543
2000-03-15,18.502395684485737,5.0485400332818715,-6.534766147739651,-3.590296750504082
2000-03-16,17.37575733639252,4.582102106798074,-8.288589169248407,-2.7857219111599534
2000-03-17,17.573496690058075,4.408114257894084,-7.499327374744675,-4.274962525781902
2000-03-18,18.15412587441226,2.669787325122596,-6.718056032225133,-3.2344896680690978
2000-03-19,19.027499237928613,3.584905994767654,-5.314475118797731,-2.57576505766837
2000-03-20,18.764879206837676,4.169012448892435,-6.1716705590768575,-1.6897491134671716
2000-03-21,18.10018137635452,3.848581033086131,-5.136938079049353,-2.360618886985593
2000-03-22,18.23899821172144,3.1229081210059157,-5.920046553430641,-0.8138716210713766
2000-03-23,18.4988713835792,2.200455176689362,-4.9673587192281765,-0.9710309027677703
2000-03-24,17.22467230816919,2.540558037960599,-3.068514845879505,0.04146080860234347
2000-03-25,16.080996071579605,3.37743360476379,-3.01251503743482,0.6465065028724888
2000-03-26,15.87103484455642,4.207574136483811,-1.2122546524656375,2.5604811004245382
2000-03-27,16.209545076381456,5.201929154235292,-1.939812857862556,3.1269086041608096
2000-03-28,16.853221454998195,6.719789863226271,-2.4997056791438768,3.0052920595041566
2000-03-29,18.532307761435092,8.532205067052347,-4.485712844638508,2.6296688917630946
2000-03-30,19.302637711403253,10.021395660031413,-4.607662367679377,1.589773657115553
2000-03-31,17.98210019748012,10.696958834523242,-4.096931836381036,0.39029899027024983
2000-04-01,15.660136628102393,12.233593751948092,-4.391532245683073,0.31847219919362124
2000-04-02,15.22606430523176,11.461154059183771,-3.6289166302795373,-0.4436998683867257
2000-04-03,15.811079300406554,11.869557189681446,-2.5978058776303694,0.016575043324630057
2000-04-04,16.0034119417843,11.185562463131234,-2.66893274351328,-0.8575158661326954
2000-04-05,16.89934399165399,10.122764077778989,-3.4478721351314006,-0.34706934153989744
2000-04-06,17.93027888360563,10.930458757356623,-2.631052734135078,0.7102720136895081
2000-04-07,18.481237243422687,12.268861693464391,-1.6927556936740134,1.2522570851753976
2000-04-08,17.556291582077634,13.549885414082455,-1.029318749425221,2.5555435227634993
2000-04-09,18.2806661608378,14.372918590020252,-1.6085377113588053,2.1652965261707813
2000-04-10,17.257519510013545,13.15189474088032,-1.3138584158965294,1.9034600530620351
2000-04-11,16.261118800838457,13.688159537038784,0.0249140605923992,1.0075021816086154
2000-04-12,16.851960337116648,13.924857067984766,0.48425631394793506,1.3096652285931425
2000-04-13,15.914958966251586,14.93229302520519,0.973989863719396,2.0630615505781247
2000-04-14,14.381104456868048,16.09999476431205,3.1177506737248795,2.722079038936487
2000-04-15,14.239998872111737,16.37601330994345,2.6048810106388265,4.6779316253922625
2000-04-16,13.676005733338567,14.974177547759817,2.5477528373021063,3.683993209008216
2000-04-17,11.854161586089992,13.670611985463879,1.9430151800442113,3.783768875020739
2000-04-18,11.886729337445772,13.732223952222526,1.144230222702571,3.4867071300034054
2000-04-19,11.924915059963897,12.803465914102206,-0.19669676027145955,3.88043951320439
2000-04-20,12.496218237567534,14.130936301480531,-0.676012460903131,4.081237080446683
2000-04-21,11.578219027215436,15.04180517161222,-1.6475020386878123,4.079575358930664
2000-04-22,11.529528736377719,14.734699573642914,-2.206184924300972,2.5994406769134666
2000-04-23,12.408774091184956,15.59229614284987,-0.1775414998041347,2.5947306199267497
2000-04-24,13.782657012191228,16.949690125890097,-0.450642596781859,3.490675122478586
2000-04-25,12.971358559637487,17.86626304028128,-1.1884700706038207,4.2030019668517635
2000-04-26,12.936540080346136,17.481243064465918,-4.057045586492336,5.969315586704128
2000-04-27,11.491109698132416,16.103734627603078,-3.7087535871730104,5.541890405725799
2000-04-28,10.580471859309142,16.144955290072826,-3.6903026464457507,5.45145443731923
2000-04-29,10.514990005426425,16.76945587509386,-4.994712192477625,6.006047996595781
2000-04-30,8.690071172850155,15.444160543081171,-4.5433796521856396,5.748548979080372
2000-05-01,7.595720615057982,15.563108730342192,-5.197302998699846,3.992955096001799
2000-05-02,6.765946614010241,15.69394600324715,-6.233288249523143,3.682156473499036
2000-05-03,7.085589882505325,15.20018043179196,-5.234488593461693,2.976535708998986
2000-05-04,7.921256173234373,14.595218259058827,-5.33310626677615,4.168952823781351
2000-05-05,6.469872560800294,16.089912938839344,-4.383895298263612,3.4771306936694066
2000-05-06,6.717543376879901,14.495626960735501,-4.131596513738128,3.394548852390726
2000-05-07,8.211454541909692,15.393369463410004,-3.5785412586260135,3.129551535484578
2000-05-08,8.711553369811561,14.032307448328623,-4.83377037849135,2.1099176324867237
2000-05-09,8.025100796294222,12.204264775834584,-3.206270732983177,1.2772744224681731
2000-05-10,7.3695074358813555,9.75745796942047,-2.9739715306362786,1.636415246259056
2000-05-11,8.473295059535351,11.901807282541395,-3.456411541705985,1.7144851257964087
2000-05-12,9.441301299895677,11.521610074067201,-3.853991575689911,1.5623285687253226
2000-05-13,10.104418358804875,13.482400949887285,-3.7827799681690326,2.158839067020082
2000-05-14,9.630820134699798,14.544610864118175,-4.4057657158111905,2.464969613271948
2000-05-15,7.879547666916628,14.983541698556758,-3.1953698435739164,2.0239110952411514
2000-05-16,6.6945692315207275,16.68183651567615,-5.331573282501953,2.6059287490497134
2000-05-17,6.912547643587126,16.20147912239628,-6.533580497315571,3.572938735309261
2000-05-18,8.612500204202007,16.027721769259603,-6.016569599444749,4.632121329519893
2000-05-19,9.23301648128593,17.497749428853336,-7.256625126588954,5.618917314730372
2000-05-20,6.482268005977572,15.729309696914616,-8.831601122078839,6.334023877594857
2000-05-21,6.413833257333679,16.19226308042084,-10.723747356656162,6.8949472119680975
2000-05-22,6.36813698911875,17.215036767724147,-9.6249482337982,8.125104021259759
2000-05-23,4.857346452222697,17.88563990025661,-9.686134438539375,7.822055285167303
2000-05-24,3.8982363730655796,18.125301109182484,-10.812044687386319,8.017975484683856
2000-05-25,4.027580121004596,18.361157695217578,-10.752810322744583,6.297753319853674
2000-05-26,3.339889027113032,16.11495819201932,-10.32438166168471,5.8940087175350975
2000-05-27,1.6284124305226502,17.121485672517068,-10.971884238361222,5.151189983452117
2000-05-28,1.2762432228427105,16.498822510376062,-12.057163289149221,6.446635415005966
2000-05-29,-0.8340101802180779,16.116645857543183,-11.891882770320601,4.212659250164834
2000-05-30,-2.5547281176511576,15.95502369262333,-13.054044480824817,3.6512173784875195
2000-05-31,-1.322431648559458,18.297407010344347,-14.601880519416836,3.7508815467583574
2000-06-01,-0.3859713013344874,18.277663251269082,-15.76670905856453,1.372497002949649
2000-06-02,-1.4015349267527413,17.67806624386529,-14.364045352038467,0.4805185676796331
2000-06-03,-2.4299569814111583,17.76066925442291,-13.939187346372805,1.2012153856255496
2000-06-04,-2.538866235960995,16.67773347753553,-13.168185003818335,1.5820731848417122
2000-06-05,-3.0657061495739573,17.701252832517444,-14.367662943243321,2.8433079831810346
2000-06-06,-3.770144195667384,17.410937692080445,-12.383588160637501,1.2131806930690525
2000-06-07,-3.2207722484314467,17.456369335671244,-13.619128586179032,1.7853617341354284
2000-06-08,-2.7432781852115156,18.341306765146733,-12.69570681639583,3.58744822692844
2000-06-09,-2.950148180837499,19.702336389402305,-12.537516917687318,5.090303715742075
2000-06-10,-2.678178217498216,20.09250263574318,-12.671516525315775,5.937410959674609
2000-06-11,-2.162875283544357,18.69196003316562,-10.697021612310715,6.050284764150616
2000-06-12,-1.6120281242737842,19.100951222240226,-10.531174908727067,7.189791422704066
2000-06-13,-1.9494840574523509,17.23541600465421,-10.753593937559115,5.5928333142414335
2000-06-14,-3.9492330035980228,16.258481296473057,-10.407553341328022,4.616404586996276
2000-06-15,-3.484730510801638,15.598059956076558,-11.654025961739752,3.5018203229405422
2000-06-16,-1.1163575154585246,14.80809024445056,-11.601254103267587,4.41133995342912
2000-06-17,-1.4978956954202627,16.008590566569215,-12.873365865434458,3.2205490081128207
2000-06-18,-1.5723656037575933,14.431129257689873,-12.504752227181605,3.9812299521740036
2000-06-19,-1.4748067591313188,13.835473472387948,-14.35843789993718,3.406584578880421
2000-06-20,-2.3112351995307385,13.197493129776117,-13.121821475361237,4.320863808574866
2000-06-21,-4.330462079663769,14.080558000964988,-12.204268797794901,4.931500041202215
2000-06-22,-4.11618606153545,14.142322784529524,-12.046966557911556,5.0903272914219
2000-06-23,-5.5959938611729285,14.729220119871322,-13.69328950008216,5.579811627660438
2000-06-24,-6.1356395112207025,16.05203004239731,-14.349413983802751,4.237364548374925
2000-06-25,-4.601328182456189,16.40102528744155,-13.744695715107273,4.950002926048477
2000-06-26,-3.6550426095485484,15.77465425303607,-13.101578751176607,5.678293261920299
2000-06-27,-3.418900424311269,16.206095936773526,-12.713540331180532,7.01907682414229
2000-06-28,-2.8658497264904166,17.45165156340763,-13.349896869960896,6.557731817719632
2000-06-29,-3.027514313785938,17.284864454266508,-13.740414968036719,7.011382860203099
2000-06-30,-3.26847245468114,16.381222858316903,-13.837494720571295,7.667881230855623
2000-07-01,-3.4117884274735064,15.46010046806612,-14.203103394751604,7.737382031753676
2000-07-02,-3.7401668418072993,15.312967254808123,-13.82580267066978,9.490219356685229
2000-07-03,-3.8426392897580848,16.6677156297346,-14.758218734774882,11.456818898226317
2000-07-04,-3.595719200695381,15.19834992948659,-14.031614170107584,12.300359958201563
2000-07-05,-3.2952938113841235,14.656378102580709,-12.90593306591422,13.033301314036217
2000-07-06,-3.350214346064699,12.334230142471231,-13.005654634535206,12.003996691522884
2000-07-07,-3.1113061174113827,12.50944307758337,-14.030899638620259,14.427366159963475
2000-07-08,-1.3286674670338154,12.783196284212712,-14.346051012806479,15.980842005028272
2000-07-09,-1.3980554113639427,14.77645033343126,-14.95404469157445,16.55878801539015
2000-07-10,-1.674274297673306,14.70081804257162,-16.467539001464104,15.31127067171178
2000-07-11,-1.7995061931173897,13.492732324139398,-15.668163416830993,13.267086574663477
2000-07-12,-1.423496081924103,13.476605078498325,-15.535449798805987,13.6771583051477
2000-07-13,-0.5265570621568653,13.588483207767501,-15.795037143871095,12.895242741486227
2000-07-14,-1.5129286865460791,13.70710453281156,-14.677772189295569,13.509321810203161
2000-07-15,-1.7969814712859173,13.721530322975466,-15.538564111168863,11.812994545734403
2000-07-16,-2.2642893544923477,13.7312580055582,-15.856119759035794,11.466075273221282
2000-07-17,-3.1925764952500795,14.78535645365341,-17.57185523307067,9.972902805576275
2000-07-18,-2.0377680869567194,15.105233277260618,-16.81780488156776,8.297946597824467
2000-07-19,-2.6184052741447523,15.934743576699578,-16.127642128395404,8.206826832935162
2000-07-20,-1.8014013709314263,16.835969381776245,-17.842371963767672,7.812822099076017
2000-07-21,-0.8525409469086475,15.858295555701726,-18.751588187470993,8.87113632638549
2000-07-22,-1.3467454397711056,15.460334521409045,-19.86424436609264,10.045235049223487
2000-07-23,-3.261006565366825,15.71013930994863,-18.850344763609822,8.544042459942995
2000-07-24,-3.1233686610363507,15.93757282268422,-17.427662555627002,6.814613600273834
2000-07-25,-4.1261099208642555,16.409385003518747,-17.52251616745559,7.820854947962105
2000-07-26,-3.26612165956197,16.03057712547551,-16.941658017437685,6.691787610522479
2000-07-27,-2.4028672671624767,13.982176770597647,-17.3634102707953,8.11107784894287
2000-07-28,-1.8823840921593504,12.919718319688538,-16.11617771617996,9.107491870452735
2000-07-29,-2.818521964065227,13.456602861247456,-16.236791784260376,11.810342803498585
2000-07-30,-2.185016806432475,13.808133678692442,-14.156231955270021,13.643867211657719
2000-07-31,-2.271701184078315,14.296610162663795,-13.774948798427289,13.922552956195663
2000-08-01,-3.1687175286592164,11.819536300855209,-14.700201472168008,12.716114866721298
2000-08-02,-1.6250389332480948,13.292388479198241,-14.86189735545534,12.681331712279134
2000-08-03,-1.0532132258043627,12.293483298002338,-15.466224493603805,13.439283230671196
2000-08-04,-2.391417715299699,11.115921287970844,-14.40568980181678,13.661781753548093
2000-08-05,-1.9435508425084298,11.038783049665046,-14.944288571072466,14.37934694724363
2000-08-06,-0.9105019396528353,11.856593444147213,-14.698030659939885,14.657853225445345
2000-08-07,-0.7583966724858542,13.767191459374496,-13.88555610849845,13.788448734846646
2000-08-08,-1.5782024797221545,12.84102980988274,-14.424792207940893,13.886723445422238
2000-08-09,-0.8833195294199393,12.086114387739435,-15.252994908064496,13.860381398419287
2000-08-10,-0.76381755202167,10.910525823853163,-13.699334010718182,12.98711078518963
2000-08-11,-0.5582477581821657,11.660485720765921,-14.001524677432712,11.470384449400264
2000-08-12,-1.9160924926565004,10.359682125582669,-14.166676485151902,10.717514620318022
2000-08-13,-2.0269866344786185,7.977335774261778,-14.235641702139809,11.292261088357636
2000-08-14,-0.41637528686410397,7.9938293163272585,-15.108362576073167,10.35578179655783
2000-08-15,0.027989748767103806,8.552973477149715,-16.832327548380956,9.009108715757517
2000-08-16,-0.23052672331965662,10.01373646220297,-15.423564494676734,8.140730714106986
2000-08-17,-0.34936869024218536,9.489331831266652,-15.329038843182197,8.77679611688992
2000-08-18,-1.2445343154495618,11.108987454649204,-15.417707336726814,7.413124118688495
2000-08-19,-1.051547609450661,10.38644450879388,-15.793586644470091,6.2547070834103335
2000-08-20,-0.12425848310415966,9.228668855925973,-16.781748796569904,5.270206311983008
2000-08-21,-1.0714254092043691,8.614704041397538,-17.41835236433623,6.223340947999099
2000-08-22,-0.23116557161767404,8.018841921908713,-16.488355984296106,6.902426367426672
2000-08-23,-0.009742532644610974,8.263143375921723,-15.61767953481245,5.341692136135097
2000-08-24,-0.5143070780374819,8.155003115772079,-14.642328942989558,4.397367338737081
2000-08-25,-0.48864042832050514,7.697509590240504,-15.361972751986624,5.453718602794321
2000-08-26,-0.9818570566155129,6.9906171103680474,-15.145354447128758,4.42506738200265
2000-08-27,-1.3798872929692787,6.257509888665375,-15.226161432507443,3.9916564058550685
2000-08-28,-2.2992631581295115,6.127940499158032,-15.232389296628085,3.8627191661346307
2000-08-29,-0.6348446611332363,6.810624655127016,-13.89064587188111,3.81173961298269
2000-08-30,0.2066573751697679,4.900895886826084,-13.364016261672052,3.8244575322005616
2000-08-31,0.5551050752422818,4.821444245085741,-12.75138289646624,2.40718602661772
2000-09-01,1.2511614328153775,4.810314413156025,-14.055935117033,2.742182804730976
2000-09-02,1.7227549843433692,3.030538906764283,-12.68619696206135,3.444951932039698
2000-09-03,1.1128465211028888,3.876868074501804,-13.082949080852105,3.947964123539799
2000-09-04,0.7350641163647614,3.351462479566896,-14.019195221988575,5.31999623159217
2000-09-05,0.2621621683108193,4.871641503428824,-13.948799946708656,4.038388954803256
2000-09-06,-0.6306813913835192,5.019355968614814,-13.743361370835835,3.1791441825242353
2000-09-07,0.8957603302791819,3.989423992807236,-14.476679570643425,3.435066318370779
2000-09-08,1.7486222474862838,3.9947365618854818,-13.692376380070744,3.5161871956702484
2000-09-09,1.9868187956131242,4.193958837115584,-14.352629829597376,3.4863221071976667
2000-09-10,0.6026862748526549,1.7092674895883269,-12.664888811311597,3.6339518235438883
2000-09-11,1.0535913076130827,2.874164535024301,-12.163403131660598,3.9653887963159966
2000-09-12,1.6018572206555097,1.138585683658821,-12.496586529103414,3.1114613443108814
2000-09-13,2.2806384296771265,0.7127127440802079,-12.434163241992644,4.680333705635319
2000-09-14,1.9625270573724294,0.6780370008663134,-11.616764462877757,4.300305976066355
2000-09-15,3.2376805888151994,0.5760212841547532,-11.301377415423252,5.254813099017066
2000-09-16,2.3605664250798046,0.409900040839935,-11.42815261504153,6.155382482693918
2000-09-17,1.8797364915395387,-0.5459751553780499,-13.679145795749573,5.9833194412108215
2000-09-18,3.095255196066405,-0.5704669135735901,-14.155916034848023,5.799151218289854
2000-09-19,3.904342137974834,-0.8127932664101367,-14.843882603894654,5.894896838459676
2000-09-20,3.356897838410842,0.8366910181062721,-13.833457236685524,3.848506188218723
2000-09-21,2.5073336319173594,0.9224836185309833,-13.825190978093092,3.9811174966258287
2000-09-22,1.472470476607551,1.727354193581625,-14.767088495662144,5.183885177408693
2000-09-23,0.28711915968078383,1.093874069803113,-14.581228427653794,4.439804804005786
2000-09-24,-0.5156266378257305,2.4184820720431044,-14.55225151826213,5.070793626526186
2000-09-25,-0.4223290953489808,2.152696881481888,-14.955520698240493,6.309211683324012
2000-09-26,0.6069374980525298,4.324169843796845,-15.431460676039896,8.419796468815857
2000-09-27,2.5827902699166554,3.902508053368312,-15.881646390846107,9.285741436095348
2000-09-28,3.00633930465834,2.9085460803514516,-15.386386996558718,11.611733738887873
2000-09-29,3.949196593603831,4.248326444016174,-16.41821783779592,11.918636312314606
2000-09-30,4.453680849601216,7.4002803299706175,-16.378075631335772,12.582508200371135
2000-10-01,4.629808806390629,6.7190484298892255,-16.850151595516547,12.58867806370612
2000-10-02,4.662496954209701,7.014325343958528,-19.250608494415516,10.89169996004652
2000-10-03,3.683869854499286,6.7791415525749805,-19.849328720236606,11.628341016786111
2000-10-04,6.0837516204143505,7.4646786997825965,-18.40815297447698,12.378534922872543
2000-10-05,6.604472377479521,6.6995865739194835,-18.695970398390223,12.443538166739655
2000-10-06,6.546686697440774,7.554115939570855,-19.996019467785057,14.000424092141849
2000-10-07,6.354986948299305,8.841269475715437,-21.13232595168669,13.142197677476148
2000-10-08,6.784935716748055,9.505815088027015,-19.32837998146818,12.431404918019478
2000-10-09,7.510727198964081,11.04495851519668,-20.80955648503244,10.833676837882841
2000-10-10,8.428402364606624,9.669054427384713,-20.003235638880298,9.934266354201581
2000-10-11,7.5069098237842455,9.467887468876476,-21.70937743098684,8.7137642679574
2000-10-12,7.277264246640837,8.950902391964789,-22.72915008946297,7.560816628440649
2000-10-13,8.069580387442393,9.740982148180402,-22.330286036038746,8.251033532695724
2000-10-14,8.805085106103228,10.1469114348385,-23.575884878471225,8.030234721513215
2000-10-15,8.155556058625807,10.501021718304754,-23.914789582634437,8.924911791345206
2000-10-16,6.147646451777433,10.45901880548733,-24.120629723025402,7.521552544995679
2000-10-17,5.831388821688894,9.909049105462849,-24.90308772002518,8.857725033019236
2000-10-18,4.677991124789585,10.467532946172023,-26.360604265962564,8.218770715176543
2000-10-19,5.482778372619155,11.677150324647554,-27.833193219458412,7.775228804164918
2000-10-20,5.204283945281974,10.834817967293358,-28.88553326437904,8.48972967784762
2000-10-21,3.283092339431237,10.990763624958689,-29.554220166327177,8.291492943500836
2000-10-22,2.119055316870761,11.862409438656687,-28.856671286647867,8.47051631192935
2000-10-23,3.2513319767473234,12.353807571670426,-27.274267289933388,9.037641086288748
2000-10-24,3.3167775428980835,12.326667971399727,-24.768451711646176,10.21611672485508
2000-10-25,3.6973427551648474,12.842213198646636,-26.557867523358947,11.184676878828874
2000-10-26,3.9111910875426315,14.36107506018034,-27.379208715515677,11.287364510045661
2000-10-27,3.331641763577257,14.41567021228471,-28.962183699517716,11.851617871436954
2000-10-28,3.7198537666629394,15.17121535371851,-28.63973037491815,10.810072235215001
2000-10-29,3.7359037923730205,14.814726592602067,-30.576188212203647,11.066907629905447
2000-10-30,2.3116403931432816,13.825701320622215,-32.51221464215023,12.6572267759921
2000-10-31,1.9799873810445399,14.557294752967769,-31.270500350656544,11.980450220264752
2000-11-01,1.7268764077464827,14.079390835788256,-32.77267611762464,11.401545168824578
2000-11-02,0.43114297967508697,14.366055447867566,-32.74640213226273,12.108662008522257
2000-11-03,0.1329983569647163,14.463291109358654,-31.185349181812487,12.256339371938374
2000-11-04,0.1120005944054304,14.897487259805272,-32.44608170514177,13.081928016613832
2000-11-05,0.03058505813804524,15.44336303405722,-30.54189925515678,14.07516391652791
2000-11-06,0.6807675367278053,14.64383689711655,-30.674291016130958,13.761268004624318
2000-11-07,-0.11329076246787584,13.883663858704002,-31.759809307279728,14.912700901210174
2000-11-08,1.4527360118116437,13.95018562861063,-30.90875921759473,15.774782068250353
2000-11-09,1.5034354446482674,12.342305261799744,-31.753820139516094,16.822934308756597
2000-11-10,0.45512501638337666,12.45801482159965,-30.93485895317884,16.76361282122774
2000-11-11,1.689242690111036,12.843112651920478,-31.794031816512305,16.480029109395314
2000-11-12,2.045938539691865,14.16074465012843,-31.24992682617875,16.63616490025915
2000-11-13,1.5917970297169426,14.966410738405271,-31.78342033316047,16.15911050910579
2000-11-14,2.197806067546472,16.322405735760004,-33.37431564969451,16.50368583407031
2000-11-15,1.4400082563186636,15.559577298976267,-32.22456216075572,17.283713470158208
2000-11-16,1.8928073810758865,17.750720578959303,-32.30950637613261,18.078224231263043
2000-11-17,3.0155268125650663,16.952617252988873,-34.480238212256666,17.513141979518025
2000-11-18,4.501210196807516,16.312575102568818,-34.57768134813671,19.688920674066708
2000-11-19,5.751560595321784,18.055403920529493,-33.65922534168314,19.0562188808705
2000-11-20,4.957887263566078,18.592328184502943,-33.45804020256554,17.87225484439774
2000-11-21,5.075544119832101,19.545997713000986,-32.76852352523309,17.246972238793923
2000-11-22,5.901068831376657,19.978780087073016,-32.34815742521302,16.44114252506675
2000-11-23,7.97878217162269,22.51213097431959,-30.983411390449874,15.331161335011242
2000-11-24,6.263238050462192,23.124552269133165,-32.18267478204981,15.421315572270034
2000-11-25,6.413195112918399,22.152606746629775,-31.096387552315672,15.03688878996938
2000-11-26,7.646696025875356,20.24595253203444,-29.54359264169769,14.40296469452632
2000-11-27,7.481516333115603,20.90037900909541,-29.767935117805354,12.982282249399763
2000-11-28,7.200817501339734,20.078389805137952,-30.77742239517141,12.351964517893965
2000-11-29,6.096799013371527,19.233943665752225,-29.570698466252605,12.505405434381274
2000-11-30,6.03019803014473,20.071192127614047,-29.46229028077671,14.451408469879286
2000-12-01,6.9681613217852165,20.66876954335219,-31.524488291705204,14.684111768809345
2000-12-02,7.006424438625897,21.538000910195265,-31.385236647348155,13.278500348043965
2000-12-03,7.7509634109822185,24.224485160378492,-31.2076822709962,11.78459761219943
2000-12-04,9.470562539301119,24.393353274055304,-32.60448835352623,9.431629840407556
2000-12-05,10.616277374983285,23.932719855545123,-32.332308411442426,9.983426115494938
2000-12-06,12.402207658148196,23.33381502853578,-31.830341273711873,11.353174650664913
2000-12-07,13.38317214921385,22.827197621905047,-31.466801120331915,12.22751352743374
2000-12-08,12.475460032271018,22.08026159318297,-31.30550155617734,13.938834606076046
2000-12-09,13.489739051819518,22.029198084513347,-31.64974612285434,15.070622468312566
2000-12-10,13.237446238712442,21.8990210072979,-32.26643738304105,13.437188741274747
2000-12-11,12.443643709040282,21.781195617336525,-31.500728180204618,14.317740256627156
2000-12-12,12.639619343942469,22.180476034090496,-32.91713936131975,14.813114103575344
2000-12-13,12.231233679117347,21.84976581234642,-33.16030396827844,15.747986270929728
2000-12-14,11.921749102038062,21.330844095655294,-33.52389441675012,15.24842333893346
2000-12-15,10.738450500034308,21.104208884503667,-32.72143233707011,13.317492559422258
2000-12-16,12.902911278873024,21.108860349803827,-34.18629075561819,11.447337530849113
2000-12-17,12.446201682591518,23.65758424542109,-34.17693314460138,9.983771579643653
2000-12-18,13.70857557381322,22.44609171396074,-33.74611857395363,10.315327764295368
2000-12-19,14.634833436727291,23.056125985093857,-34.410508382993136,8.960740209982523
2000-12-20,15.446901679505736,20.823497685170423,-34.640577200344865,9.833911958824405
2000-12-21,14.585014196478307,18.64203279658246,-34.5990509623959,9.602609443221079
2000-12-22,14.458832571776258,19.332372130758777,-33.32613786277714,10.95130250133665
2000-12-23,16.401061145309274,18.93875907902627,-33.83425713570593,11.418444296127376
2000-12-24,14.832668984566842,19.6312976990074,-31.779212183800418,11.4751297449145
2000-12-25,15.220753373173359,20.073615815125496,-30.99148570005825,10.087878711709468
2000-12-26,15.550155742545384,20.041840959483448,-31.210155447019602,12.64165847397213
2000-12-27,15.983632400291182,19.576813921846366,-32.02350972508818,13.526724277384172
2000-12-28,16.23506933271346,19.514093121203132,-32.83767504656921,15.248426280703072
2000-12-29,16.882527463269923,18.23264607867062,-32.13441182049303,14.529872557742488
2000-12-30,15.824850987757005,17.443166548198395,-31.587443416351384,14.95623940547021
2000-12-31,16.454920603536543,17.60073562866317,-31.691945584337155,14.282520287873604
2001-01-01,16.94688419282494,16.6556830660662,-33.065286578352726,14.19382555606334
2001-01-02,17.423878983338216,16.40917681407565,-33.73008436049385,16.207587838373307
2001-01-03,17.283743925716557,16.253230754882576,-34.831396945840766,15.579637362150176
2001-01-04,18.6101446325191,15.755422810455812,-35.16652408933892,16.646353552021612
2001-01-05,19.199781250698003,16.05117699446976,-35.20176574558924,17.181880789013114
2001-01-06,19.200008769643798,16.218183943862414,-35.522942777982614,18.6364829285302
2001-01-07,17.49551483472849,16.804140154245218,-34.83597912720385,17.04255111808895
2001-01-08,17.502766124688836,17.83261208921597,-34.21703080521878,17.980572560513004
2001-01-09,17.545556010838396,18.722429464057402,-34.7965455264805,20.360420682505545
2001-01-10,17.04688895609956,18.262846972518638,-36.46868664772358,19.33998882554296
2001-01-11,16.496582621794794,19.164763915983663,-37.31434694592802,18.636891380675454
2001-01-12,16.642006647975432,20.395143957041412,-34.96889912673368,18.671808379301307
2001-01-13,15.77787089239827,20.252810034092384,-35.44586628539036,19.27045366610529
2001-01-14,15.053871059825926,21.443485700763965,-34.6131490985564,17.637848321841602
2001-01-15,15.64342991169575,24.83809207181058,-33.15141620700436,18.393502302379105
2001-01-16,15.015790985497794,24.498742754343848,-33.3198401544693,19.089180739716603
2001-01-17,16.759234461445317,25.486103159757278,-32.881605501470396,19.300326599254028
2001-01-18,16.942528851292856,26.66446120164426,-33.33177207008622,20.37944722175498
2001-01-19,17.348398645526107,25.547934681520637,-33.615913522551864,20.261769378746955
2001-01-20,15.597429544353966,27.18027641358152,-34.007417772990074,21.44207929520439
2001-01-21,16.444939193796273,25.840970045265454,-33.220351588739305,20.42852102927714
2001-01-22,15.800363639903006,24.092651481307303,-33.45834480427248,20.275398537841838
2001-01-23,15.208714936175255,23.417662742729792,-33.78365751567138,20.08739800324901
2001-01-24,14.840909885942143,23.890494318956332,-34.1141302864617,21.83342884898513
2001-01-25,16.605741554739787,24.995101833361566,-33.37395256349723,21.492525910731054
2001-01-26,17.561141500877426,24.62166964862185,-33.91395670410582,21.34410265201607
2001-01-27,17.831734037535607,25.312142150540993,-32.7772503739699,20.852557102209136
2001-01-28,18.850927820814324,24.984712449520075,-32.9369871903216,19.760069188661884
2001-01-29,16.35104417139912,24.43484030260335,-32.79259779058049,19.21649277665042
2001-01-30,17.848970263935936,24.695763464194382,-32.426736260036066,19.826213280264604
2001-01-31,17.2066125368845,25.015030722533375,-32.756897180118656,19.807982323397205
2001-02-01,16.694911510815263,24.978504325893876,-34.35417694602292,19.08850306210248
2001-02-02,16.706262297757153,25.93190652177846,-34.72899684949868,20.27746537106733
2001-02-03,17.192431909060844,24.49090668392632,-36.01102686262635,20.917036694389555
2001-02-04,17.617059236704584,23.862135134304843,-35.26112213867504,19.76731216989691
2001-02-05,17.75557239484154,24.53417593345864,-36.47980579269272,19.817328389916437
2001-02-06,16.11356758614508,25.879495164709162,-38.81625253305767,19.8699755725423
2001-02-07,17.20079546160977,26.007961338008997,-39.65840364001631,20.54123145136986
2001-02-08,16.567239939098275,26.67859394491257,-40.01271893921479,20.926713509441672
2001-02-09,16.38746782874793,24.500164720513467,-39.40254057844849,22.057594022059696
2001-02-10,15.391920623485808,25.098139084475164,-39.767266035381425,24.520086086723943
2001-02-11,14.239430335363009,25.356079275293315,-37.92873607528864,23.704151367307883
2001-02-12,13.854685354999763,25.866200766812604,-37.767340558927245,24.798820353496126
2001-02-13,11.687611892564583,23.156480766017047,-39.00167375302058,23.608066971777614
2001-02-14,11.103568024084955,23.321902246602274,-40.07744538267981,22.267125047511996
2001-02-15,10.092752691699157,24.365769300622276,-39.53043490139057,22.830703611115677
2001-02-16,9.644407165732016,24.591361355182173,-38.83799272352263,23.383161153809503
2001-02-17,7.093114476213669,23.05858106767995,-40.075156591222964,22.963832633542438
2001-02-18,8.023755816680142,22.198322319125335,-41.35304629644943,22.930879853033538
2001-02-19,6.222499025316459,21.81367633960095,-41.035766904493165,23.289033798173616
2001-02-20,7.36484843355862,21.29334700263535,-41.72596043184386,22.9562436122948
2001-02-21,7.815227821339211,22.290665807067686,-42.54658594715688,22.481671262052235
2001-02-22,8.06026640407061,22.610890135752825,-41.70499674198418,21.916056555835404
2001-02-23,5.589990380775966,23.03591404343201,-43.159124006375,21.70233781235473
2001-02-24,3.831397631187297,22.739409571977248,-44.5082806615066,21.022452115689536
2001-02-25,3.8388098251618934,23.545242559779822,-45.96677430670422,20.195222584923645
2001-02-26,3.402911335427524,23.849339210123834,-47.15405614085644,18.089682835932795
2001-02-27,3.875252622628409,25.009309951663326,-49.43344851488901,17.060983336360234
2001-02-28,4.978960866701227,25.25624528921114,-49.734517786662884,18.860651310390644
2001-03-01,4.839638069766747,24.54750507034866,-49.56316387645012,20.175496094958618
2001-03-02,5.252818475548989,22.934263610069827,-48.88997865948931,20.67809884816592
2001-03-03,4.595105730930205,22.82165629700677,-50.172964848004106,22.28864732190131
2001-03-04,5.230899667196053,22.88531952852913,-50.75403581622398,21.50604039663314
2001-03-05,5.830518366077252,22.52907372481873,-51.74134265926262,23.722942997758118
2001-03-06,4.645644365085325,21.775485121553544,-53.746264481189215,24.9490723833144
2001-03-07,5.201598028918329,21.41895246471012,-53.93182881138028,26.482782779418663
2001-03-08,5.806607027428493,22.000232952807387,-53.16147475367337,26.663994700269118
2001-03-09,6.7164567312735395,22.024745441779118,-51.14218410483083,26.01279376809518
2001-03-10,6.9447568431053615,23.469130784866675,-52.46971819054757,27.114404592771802
2001-03-11,7.325344257935059,22.893026417836186,-52.21331170193657,26.97710552390063
2001-03-12,7.651362929976991,23.459091568063105,-51.29659883933247,27.068851505169462
2001-03-13,5.775450977476183,22.278971584702106,-50.662760548788725,27.791091615608362
2001-03-14,7.447685300002241,22.5396631069238,-50.45276024466141,30.039213615768332
2001-03-15,7.384368444537471,22.216379289112723,-49.959583045996894,30.234331897333394
2001-03-16,5.985149148434326,22.333706296756876,-48.2276321596051,30.57437446459829
2001-03-17,5.110285811481006,21.860600390599444,-48.500314582117795,31.00799837204265
2001-03-18,5.035375759629475,22.914456836890558,-48.9334688999452,29.822013542500958
2001-03-19,6.074141012879361,22.997903128454762,-49.72355086226895,30.769533460758836
2001-03-20,7.271578881600225,24.313410174399166,-48.427124523714454,31.112925509632433
2001-03-21,7.475293703633056,23.926714639367,-46.937457317895934,30.992199138018613
2001-03-22,8.881318477256336,23.71783553676812,-48.78902213716253,31.10683333582438
2001-03-23,8.564826466386213,25.215481067341216,-48.713761475463215,31.815979411169675
2001-03-24,10.063374913642317,25.980065479280473,-48.15405599521478,32.27530750383504
2001-03-25,10.253852030023944,24.97662042215376,-47.30585106896225,32.587875763885506
2001-03-26,10.998233638076002,25.277041970345756,-47.07535941797497,31.822488341281865
2001-03-27,9.537526263792007,25.837134746585086,-46.375490235638296,32.33987472986308
2001-03-28,8.620638490029679,25.82449300620809,-46.34093305506692,32.973040219546654
2001-03-29,10.353470619047073,26.011892786856865,-45.81506517948041,32.65268672266171
2001-03-30,9.226968231017114,25.085614832630444,-44.87357181787131,32.79590336178722
2001-03-31,9.233974262418908,24.66126477398928,-43.906922293957756,33.54751220781779
2001-04-01,9.208640137544071,25.290820902730815,-44.918418070833425,34.67229634299406
2001-04-02,7.857603930411806,26.298793282342515,-46.14201865317746,36.02535848847472
2001-04-03,6.855199482025094,26.821949850075583,-46.986265780190195,35.782403416609235
2001-04-04,7.6205681985478595,25.454084161927753,-47.061157235512376,35.413005309107376
2001-04-05,7.653794430720682,24.438789897211784,-47.736041720024296,34.09238760695542
2001-04-06,8.907921818649653,24.958651695750984,-48.09665106528014,36.280274491203784
2001-04-07,8.38094231566938,22.79940914862571,-46.482795273616105,35.66121610585962
2001-04-08,7.6884527427227285,22.537081048034384,-47.618638164235094,35.25867730754567
2001-04-09,8.294082243559247,21.62820889358366,-46.43340959657618,37.15404286826091
2001-04-10,7.786812321080892,21.56423870267349,-45.90474821179114,38.13321388284978
2001-04-11,9.03686741209474,21.181297069818186,-45.052266145767874,37.530315451312035
2001-04-12,7.541172400668005,22.020886426253547,-43.501864477506615,38.15011122177225
2001-04-13,7.764026695964686,22.787807625936367,-43.0505515709601,39.41954131718131
2001-04-14,6.827301124429893,22.757008264621025,-42.25435508792024,38.52795188196901
2001-04-15,8.389838124839576,23.14974278981958,-42.21906259804594,36.598921024834695
2001-04-16,7.378453440713667,23.40496544238458,-42.6466387261018,37.201388568682695
2001-04-17,8.656189568840743,22.235481533501428,-42.344874408938644,38.153582683048526
2001-04-18,8.421636060901887,22.520871192769455,-41.38485428273263,36.2082170270045
2001-04-19,8.179193025220398,23.162519794867748,-40.69552468098921,36.4461106036605
2001-04-20,7.865485618365283,24.209514383839423,-40.561638112925415,37.084573229804434
2001-04-21,7.310896707614699,24.57162180274924,-41.377895951875864,37.75545127262539
2001-04-22,4.09420669638855,24.04512916145339,-41.691950681447494,37.50012922902833
2001-04-23,6.124316772236282,23.738317986497545,-40.93667163308921,38.108370500707785
2001-04-24,5.008538873069386,23.40571154005691,-41.85776713439624,38.02785376763744
2001-04-25,6.082798132827311,22.942058413462927,-41.88924901137798,37.652040775712074
2001-04-26,8.230686578475927,22.617452622450415,-40.32029537482889,37.43252849199374
2001-04-27,6.994433415100122,22.58968147749427,-40.920656094534756,38.11198748624885
2001-04-28,8.575252863985654,22.37519077836035,-41.94173609646421,38.956198324081555
2001-04-29,9.997868431790593,21.728547802863634,-40.711216237631824,37.01715362169332
2001-04-30,9.720820359664248,22.099166937847638,-41.82654822138582,37.22556620364487
2001-05-01,10.072517387588224,22.486895452310282,-41.11595216857822,39.78257056324785
2001-05-02,10.347164023773418,22.01204311411626,-43.75029095355213,39.91821791066879
2001-05-03,10.030699249651885,20.861375687845598,-43.92222186293537,40.761499860993766
2001-05-04,9.85548125649615,19.903430634251237,-44.676965757930596,42.08430738105441
2001-05-05,9.365170711200127,18.714998413226407,-44.174403641326606,41.34741830950923
2001-05-06,9.625334005769828,15.979032039073813,-43.92718505242049,41.25960931030056
2001-05-07,10.302908385865395,15.051763396577675,-43.146051784901196,39.98804440444042
2001-05-08,9.237176178111174,15.164800081600566,-42.678427024988075,40.56512852402622
2001-05-09,11.5260806457304,15.340266720585065,-41.373780586848426,40.90930970959215
2001-05-10,10.373728861973136,14.32956289842434,-42.53670613756188,41.41923010347236
2001-05-11,9.361996168021243,13.886727966512465,-41.82641864888844,40.05092969396992
2001-05-12,8.203066911362084,14.218172584614827,-42.35139905767552,40.297038908208876
2001-05-13,9.090475824983853,14.598438830139962,-42.175133939998155,39.54533464537607
2001-05-14,10.314643244183305,15.09153890367953,-42.30343835770434,39.14707820769684
2001-05-15,10.947327946201515,14.503348530963931,-40.61222721502114,40.70087101910238
2001-05-16,10.401814779271636,15.277269929814686,-40.95858155359713,40.34148660650988
2001-05-17,9.745634249955897,15.998212290667556,-39.69996487945404,40.67641552096762
2001-05-18,9.56937576046753,15.18637366980202,-42.23478659499395,41.35306426520352
2001-05-19,11.396921526924093,14.80325839093976,-43.69727703852486,42.65548890584055
2001-05-20,12.44857231699584,14.897673673540393,-44.4888815139501,41.26884121684621
2001-05-21,13.367476796782018,16.043856331992483,-43.74159534781529,42.31893413732985
2001-05-22,12.647195492665237,15.815982240303189,-44.01153094042204,42.05037583671893
2001-05-23,12.21205166347701,15.101242184138485,-43.84540167435682,42.790756638833294
2001-05-24,12.461838679215864,13.81394058162222,-44.699966150249644,42.75072183105747
2001-05-25,10.181463951087967,11.9259884219071,-46.42177910241779,43.703169946935965
2001-05-26,9.918458417785176,10.122555730964422,-46.678641192928914,42.57066991922645
2001-05-27,10.253970541980332,10.121982799929668,-45.616846200719685,42.46438233348542
2001-05-28,10.011860370202927,9.892539262392866,-46.04314121198414,43.91264889562002
2001-05-29,10.094304698567353,9.527593429838223,-47.79026345909376,44.579940782017154
2001-05-30,10.86519413533146,9.120275521354367,-49.20364049925927,42.69847262161048
2001-05-31,10.618361299252296,7.581533982942327,-49.681337206661084,42.38043586940805
2001-06-01,11.938249869950095,7.403527808174553,-50.05000934560948,42.343478150714866
2001-06-02,11.098091708567186,8.116288633041815,-49.541752978760044,41.22767297752912
2001-06-03,11.790150123698346,7.763908298524679,-49.01294235142237,42.97061570854643
2001-06-04,11.547823630923277,9.323267644906982,-50.5940869915606,43.81020164068123
2001-06-05,13.351046424589699,9.032118950087735,-49.08982343969667,44.66189250274566
2001-06-06,13.999829847967824,8.75581153451472,-48.36932065032499,44.93325545863351
2001-06-07,15.912077382874722,9.821523918455648,-48.20996618586142,44.80676059132267
2001-06-08,16.71353372148118,9.467644126489933,-49.15992606785615,44.27629916537859
2001-06-09,15.484158661668621,9.23818602724954,-50.34407840940787,43.83234573794006
2001-06-10,16.70438822442112,10.460826608669016,-51.825539007731884,46.042160870831964
2001-06-11,17.467229216928967,9.182379814662498,-53.44200571317501,46.45046485577185
2001-06-12,18.153459023667367,9.532061037434108,-52.40189056601668,45.4113325192808
2001-06-13,17.618501831409557,9.629761406562393,-52.822535581522914,45.066261759601765
2001-06-14,18.011213832710986,10.021479715994356,-52.52597070643287,43.24826074874231
2001-06-15,16.886687576902204,9.82409083201598,-54.13935831369285,43.42407055611744
2001-06-16,16.178299065394132,10.582733975856112,-53.581731145203754,43.265903678062536
2001-06-17,16.98669974132033,10.792834024855301,-54.53416323875129,44.41945928766272
2001-06-18,17.06884449097169,11.780465645452017,-53.838711683406764,43.52731896260912
2001-06-19,16.228659809857984,11.683946858678357,-54.255166216837345,44.100547358986404
2001-06-20,15.62269212868753,11.054854679094351,-55.12061493740121,46.750100663498955
2001-06-21,16.32340154391311,11.729667897945767,-55.666711040114706,46.4957888193161
2001-06-22,16.15720180782486,10.711357922400769,-55.38777594351712,46.39176253486474
2001-06-23,17.277726946209516,11.37104732020312,-57.46390422685846,47.44019932247202
2001-06-24,17.76189418225206,12.820576076900835,-57.11380897726232,48.183183252269224
2001-06-25,16.534748519503484,12.622562805224346,-59.5531908525797,48.883503281036475
2001-06-26,16.865873664203683,13.026012142073535,-58.35493681586945,48.24038407955254
2001-06-27,16.303030390173237,11.562663880417496,-59.13006452345181,49.11544478979225
2001-06-28,16.458475505277082,10.272433707738319,-58.95052322699318,47.75829287095374
2001-06-29,16.825177968580977,8.956371166593838,-58.1705361740138,48.26198846073524
2001-06-30,16.070035188903667,8.756233955112219,-57.35379057752803,48.7319602592336
2001-07-01,16.93353173456286,9.880944517020874,-58.92354995422438,50.212013815418196
2001-07-02,18.401144718691523,11.246637600126391,-58.79362057915223,49.61269216055345
2001-07-03,18.016717164054583,12.366245856310508,-59.30399950551825,49.42390058229682
2001-07-04,18.498486731701814,11.622924790064785,-59.81632627210164,50.33595454227845
2001-07-05,18.4520472534118,13.83019899392327,-58.59217278008289,50.517154325870905
2001-07-06,18.803046014175212,14.548526367020491,-59.90363705628505,51.39615696890046
2001-07-07,17.29270356504174,13.775197631889311,-59.13560329341919,52.5096447425553
2001-07-08,18.43784532864915,14.223007913338975,-59.3458662514042,52.153469850843905
2001-07-09,17.25870504977206,13.546929155636908,-58.996382302807326,51.477778251330285
2001-07-10,17.839293322539007,14.506983157598128,-59.685820009816275,52.90216992711303
2001-07-11,15.9528252579036,14.54649041884815,-62.31763986609641,52.39575771816366
2001-07-12,15.272387641411079,13.508396675499776,-63.32204832708667,53.04108014058924
2001-07-13,15.232019350242046,14.609904367415943,-62.43616886306008,53.498354309742055
2001-07-14,16.555343798573695,16.27851227617201,-62.91936408478218,53.5860622233165
2001-07-15,16.93312271523496,16.614238660724922,-61.90410979076338,54.44551020929218
2001-07-16,18.63174915106501,16.420629688045928,-60.310568723737795,53.75077613925846
2001-07-17,19.1411387639441,16.244425567092023,-61.796883740262786,54.26835481613787
2001-07-18,19.636491265478238,15.49744982951868,-60.49412807416317,55.88939393611653
2001-07-19,19.673316467980992,15.438334762927727,-58.38280152561586,56.50058688387795
2001-07-20,19.03218739188202,15.018077483437304,-57.88332153251819,56.123793436648604
2001-07-21,18.880668897890214,13.409507862200515,-58.12399997902289,56.18431314682448
2001-07-22,18.81138632137636,12.710450579689072,-57.14462083990177,56.67780116330395
2001-07-23,18.19842187147045,13.655738598785131,-58.511984316615965,57.76880528141973
2001-07-24,19.312945753659545,13.34522657806373,-57.28462183605147,57.68123660848574
2001-07-25,20.58330910798683,13.543159223950237,-55.28887697421078,59.0922928582882
2001-07-26,20.77837304459089,14.946380421972503,-55.3077536697907,58.798433318666724
2001-07-27,20.186997580447937,14.896393601779433,-55.178001708512475,58.30243186117845
2001-07-28,21.67298942039672,16.236885596481308,-54.72922384402924,57.56574977439614
2001-07-29,22.318016177953112,16.987817406420707,-54.67946804289615,59.558941075854754
2001-07-30,21.671050329544375,17.280260610223618,-55.99353420306053,59.91784416961688
2001-07-31,21.601432218131137,16.797399671262006,-56.67843921581287,59.499087588436566
2001-08-01,21.89943619757051,15.25814770487652,-58.01335395899046,58.05267386802705
2001-08-02,23.20778531115981,16.318190465556373,-57.80814137096222,57.58222018952886
2001-08-03,23.291040573302524,14.327265287426119,-57.98483658355385,57.03673009853616
2001-08-04,24.257016886895286,12.281074702242464,-59.566695865047876,55.92238886937332
2001-08-05,24.495032797004487,12.130725747929198,-60.632240072312584,55.09857278724647
2001-08-06,23.555777692258598,14.242397509441288,-60.72769919762715,54.89078259762749
2001-08-07,21.19334000065983,15.160371314206538,-61.194965256599424,55.07121795488974
2001-08-08,22.036742204309434,14.884939829026417,-62.88572407131031,55.2492894002892
2001-08-09,22.429636010337198,14.795477993889712,-63.35710167103651,55.38304758702032
2001-08-10,21.53356948383594,13.790339082233544,-64.95712750311759,55.77206159554511
2001-08-11,18.90413074106825,12.871220497236168,-64.28141967670776,56.2638692322238
2001-08-12,19.252023611630076,12.72683611813175,-64.77228631308698,55.85791448120847
2001-08-13,18.03552516292007,11.532405244635443,-63.206745824703,55.55155611147069
2001-08-14,16.907130790562366,9.992972864814657,-62.705526491682534,55.75492901826528
2001-08-15,14.594072267809409,10.431830343881147,-63.31858110402006,54.27115629671129
2001-08-16,14.718663256390967,10.14417224831888,-62.18940049656335,54.57697468184004
2001-08-17,16.508583566347625,10.544606656716585,-61.48086779712048,54.053632352424366
2001-08-18,17.611646531300746,9.422161446462122,-61.598932011384804,54.12774948572008
2001-08-19,17.010808585215546,10.27220411889957,-59.886657238143776,55.950774580309776
2001-08-20,15.501076548490156,9.621363679936175,-58.43490599600631,55.456874222596895
2001-08-21,14.902991338205993,8.542711296993776,-57.33559499394939,53.799223167145186
2001-08-22,16.69212043134473,7.292508059516942,-57.96789013980454,53.7278989189302
2001-08-23,14.314353989024184,6.887632533016848,-58.55619023830661,53.66014174113739
2001-08-24,12.044677232198499,4.181583268838441,-58.80413812139418,52.452534820952444
2001-08-25,13.25993549833503,4.351271458016092,-59.510734591203665,51.003478173732326
2001-08-26,12.891719182377315,3.9343589059313335,-59.997342238816216,49.91867865247876
2001-08-27,12.061328910217636,3.5275268192034694,-60.703021599726256,48.70995905626312
2001-08-28,12.605440445786495,3.1422376233966904,-59.79784613198538,50.346281419401485
2001-08-29,13.217285635941458,2.684647040808538,-60.98079441701302,51.369697479938985
2001-08-30,13.808076314136573,1.9757588734914961,-61.168713777933256,50.745631977565665
2001-08-31,13.142597541458027,4.53296420339423,-61.69998959011071,50.59734428411759
2001-09-01,11.705048436440123,4.948719557692665,-60.693801564220614,50.81815505071065
2001-09-02,10.985326451612838,4.634971729876977,-60.714351678773966,49.849869578439375
2001-09-03,11.39804800688249,3.644459421014003,-58.83330711301159,50.45928384102727
2001-09-04,10.902969386626571,3.792510154907054,-56.89517424279728,50.96697400211297
2001-09-05,10.94847872076119,2.2197316409174936,-57.046233071402334,48.69323336042681
2001-09-06,10.956539714466711,1.6917546175447873,-56.32340559311953,51.1595310427837
2001-09-07,11.492796115368707,1.1993233271603414,-56.7099749251942,50.4056624549183
2001-09-08,12.560646611387707,1.067612624052694,-56.78262055076146,51.27054530720284
2001-09-09,11.74717351025434,0.9481664526913534,-55.82724945234486,51.983148207908236
2001-09-10,11.42871514792948,1.6186427532543604,-54.5417802054476,52.57662631487715
2001-09-11,10.228034852519379,2.4718145543543426,-54.25558462260414,52.3008927103219
2001-09-12,9.867923993597968,2.04144851297127,-56.633635880855174,52.89455653035946
2001-09-13,9.848750657004244,0.9726013961403035,-56.60169752414105,54.836274655320764
2001-09-14,9.01442580557045,0.5598517786895412,-56.03861347785202,53.044344076319604
2001-09-15,9.63231118529831,-1.2287980156953804,-54.509462065175434,53.28227612744854
2001-09-16,10.945717475035257,-1.6776762433057437,-54.5061573908195,52.930955022889506
2001-09-17,11.819488242320448,-1.4028368253525698,-54.43130263289772,52.13311405193553
2001-09-18,10.613597962918115,-2.0246916701192617,-54.857600442053624,52.64026252133118
2001-09-19,10.47545899006722,-2.5923361965769374,-54.568056187724885,52.742246766150636
2001-09-20,10.278993252828148,-2.800520654018509,-55.60531185298742,55.19341700962129
2001-09-21,9.363582364309282,-3.173902177419715,-55.86178990352309,55.85152020767978
2001-09-22,8.165237019409112,-2.547055029215044,-55.55073306805109,56.26681163265743
2001-09-23,7.419909050833208,-2.6129917398812785,-56.058053751927666,57.07729483456198
2001-09-24,8.028750703986098,-4.822307858898623,-55.238371518636,57.28801014050942
2001-09-25,6.764387175182615,-5.141519678724993,-54.35122348163274,57.11626289697341
2001-09-26,7.280572570215586,-3.1684750113266498,-53.48983949647663,56.53027542295807
2001-09-27,6.988162572705665,-4.412414990420073,-53.98799345924806,59.10101469475168
2001-09-28,6.683930277011203,-5.286074549875915,-54.607440172846836,57.61288961144863
2001-09-29,7.083644970945049,-3.6365816790699608,-52.433385415593754,57.54997541785157
2001-09-30,8.046038403409769,-3.375942165821413,-53.93555040300011,57.53332713788184
2001-10-01,7.33065526721087,-3.4386795832916865,-53.21393402926684,57.264805205963455
2001-10-02,8.554017958983737,-3.5312917794097034,-51.658178815047755,57.22741262404205
2001-10-03,9.725994093102447,-4.80100770581934,-52.570970671659744,56.726527142012394
2001-10-04,10.13875371248349,-3.8813054725060043,-53.47434864937243,57.47445494578552
2001-10-05,11.390975252630223,-2.5125413718013916,-52.57318829775356,56.94102684198582
2001-10-06,10.185206198003652,-1.3829282436194648,-52.195488735904355,56.02351140952502
2001-10-07,9.666562022528678,-0.23162081541412505,-54.12975275909749,56.21395904633852
2001-10-08,9.322912124785093,1.343460651445424,-54.54987124673338,54.2644153879871
2001-10-09,9.069534395219895,1.057315173960868,-53.48906917581219,53.659309143592985
2001-10-10,9.892129157692112,0.7513017518551842,-55.04061997052503,53.8294370769516
2001-10-11,9.492068327700485,-0.24772689624462318,-54.51987830955633,54.09917445011369
2001-10-12,9.255191400357143,-0.43054258080175845,-53.56644156398502,54.52506801783453
2001-10-13,10.624737599333407,-0.407696392977808,-54.93491976714523,54.74902257095776
2001-10-14,10.362431285464861,1.0469037410365507,-54.18188936527762,54.3738109868887
2001-10-15,11.062157489662104,2.0250205330177398,-53.53145838944314,53.92294772684445
2001-10-16,11.1924820711195,2.4275173694454213,-53.075313217215985,53.4779002941875
2001-10-17,11.644483637877949,3.0822132524099555,-53.27400977533796,53.60217891900647
2001-10-18,11.981248548171056,3.7201836997070146,-53.805511963446065,53.07896010614846
2001-10-19,11.130701490214083,3.5708922578515097,-53.850027842337155,52.00813817258922
2001-10-20,11.335945994100003,5.051698291485203,-55.399420108900856,52.63162512839814
2001-10-21,12.425176702057758,4.601051375887162,-55.866207126116045,51.888981336809884
2001-10-22,13.476731573949118,5.11943684278982,-54.46621605553685,49.91915424160552
2001-10-23,13.385299401028732,4.356596096524122,-54.25941969062214,50.04357381690476
2001-10-24,11.886356176458388,6.018628565569623,-55.328136752122525,50.778227514505275
2001-10-25,11.778182560267867,5.683543395239194,-55.6078699195794,51.39234190110203
2001-10-26,10.845317263049855,5.0598251548773545,-55.33481187507449,52.09778893685732
2001-10-27,12.730255127385064,5.8421858665096895,-55.56046018490386,51.17224186290568
2001-10-28,11.268548165500034,6.600331339697669,-54.058600420237624,51.54102785120831
2001-10-29,11.137834460118011,8.958496738058322,-54.679881256315724,50.58666836085369
2001-10-30,10.39890846109474,9.17126262132203,-55.8888740420797,51.4364539969523
2001-10-31,12.026368232767938,8.173299370030994,-57.647340928192264,52.46622149997135
2001-11-01,11.704805870228126,10.912754418407939,-56.164706354274394,52.0173806358615
2001-11-02,11.408619313603648,11.835183034276325,-55.96623761271842,52.88066681661501
2001-11-03,9.989341596971517,11.25657988287496,-58.14895262459993,53.67723141211146
2001-11-04,9.683788984363325,11.818623126340261,-56.16629367138254,52.7855526945839
2001-11-05,10.044340367247568,13.182241579604108,-56.37932533861782,52.898589630937536
2001-11-06,9.191969795246026,13.85822814553692,-56.14809075037692,52.958822876187526
2001-11-07,9.496079182643792,14.243216133167643,-57.17561713614931,53.02746184814054
2001-11-08,10.65096367081274,15.959968512350668,-57.38695847823946,52.00282165040895
2001-11-09,10.411410777500794,16.76349266320613,-57.48426481719997,53.118175432372254
2001-11-10,11.10209037349949,16.49324091315359,-57.80915206435389,54.64527886069517
2001-11-11,12.538796519549294,17.811158546738252,-58.21393269243839,54.904775982037975
2001-11-12,14.207674404630888,16.169163130943055,-58.610146577259606,55.23065243188909
2001-11-13,15.481711622155075,17.591118630471247,-60.80760350271626,56.037086994735496
2001-11-14,14.353644451669926,18.53001140853365,-61.325585863301804,57.13398580132752
2001-11-15,12.482655720620219,19.647234866762737,-61.96641089483176,56.11290895355624
2001-11-16,13.324715056607378,20.388013358354417,-61.719016985589704,54.814705289537976
2001-11-17,14.240582691404335,22.21923784009723,-61.15731254778402,54.95054550766741
2001-11-18,12.831907042262129,21.594914410189755,-59.82014033201456,56.34448199295158
2001-11-19,14.15780444454825,21.33976597713192,-61.234799713727824,57.56376400610346
2001-11-20,14.83289093316735,20.65153620512622,-63.19813985266246,56.73697718524412
2001-11-21,14.058425562918504,20.164351589496718,-62.44635942592908,55.6840878090988
2001-11-22,14.097389640492256,19.923746467848424,-62.50755377782112,56.46373304184461
2001-11-23,13.357328249924432,18.191833597364308,-63.071883054433,57.447120475856174
2001-11-24,13.460210441865392,18.184198275127713,-62.89441360962885,57.4536326232747
2001-11-25,15.35154653791803,18.334944952855164,-64.04805461360834,58.732637430981235
2001-11-26,14.732047966715037,17.937662946875843,-64.36823576785744,56.43946332282064
2001-11-27,14.028917162854675,18.793348402336182,-63.33325837474403,55.89792079868862
2001-11-28,14.901320764583337,17.703722937090575,-64.72733675693867,55.785123496760576
2001-11-29,16.115864665813234,17.395391424107185,-64.86010807069847,55.79045939436956
2001-11-30,16.297029192868568,16.51884381885271,-65.033431468732,55.51298585450655
2001-12-01,15.296250080610944,16.52395031327431,-66.64060051323086,55.20317430850755
2001-12-02,14.03103892710573,17.216503580441923,-66.8801792245203,54.857372073360665
2001-12-03,14.581299824698545,17.51412569849995,-65.76019836990773,55.19032001267595
2001-12-04,16.73362740005147,17.363954779588546,-66.07234871035716,55.40646122544025
2001-12-05,16.130257584966955,17.392566268521023,-67.88368100958925,53.44175382324261
2001-12-06,17.170029056869687,18.69483561917276,-68.40633402288772,53.91718720994195
2001-12-07,15.835260970416387,20.219505439355714,-67.21929712788325,54.393477302385676
2001-12-08,16.941399830378113,21.393891218551328,-67.94151587972384,56.532421949286984
2001-12-09,17.773358735699855,21.95690142558906,-68.47292519231002,55.9333873667184
2001-12-10,16.398012716909925,22.812437142702134,-67.71438235279294,55.6912690198546
2001-12-11,16.86299025548565,23.941184133605763,-67.67530312635378,53.769389539923125
2001-12-12,15.75950251918586,22.058169024034626,-67.25839898146326,52.68407592851293
2001-12-13,15.20151197412606,22.223080636309227,-66.12409650922221,53.63606838465521
2001-12-14,12.835579025973097,22.095128180529187,-66.50901132124483,54.68936100986306
2001-12-15,14.040533961594026,21.22141089376441,-66.49924503612232,55.607706150773815
2001-12-16,13.061194952946577,21.383461120944435,-69.13739547172639,54.653718453105036
2001-12-17,13.825478840204465,21.83150836137439,-67.85934104240658,52.931830949968564
2001-12-18,13.639061427994427,21.38527769116582,-68.21657901095507,51.70720157887971
2001-12-19,12.422128988703296,21.720673824256306,-69.22791565427791,52.24822428800389
2001-12-20,12.343290861136921,20.98732330296977,-67.56152413890399,51.1591589083337
2001-12-21,12.756413139539315,20.287377476070116,-66.41510973197582,50.07618998346917
2001-12-22,11.957026403224265,19.48673677622675,-66.21750010204748,49.04085226111536
2001-12-23,11.416113888834367,20.120936125617263,-63.96694461372765,49.44485308053539
2001-12-24,12.037903140325398,19.129672957970765,-63.76396183387181,51.55196527241156
2001-12-25,12.731198983466962,20.551524388437063,-63.85963225902999,50.41907992211131
2001-12-26,11.94620307068712,20.79732710346349,-64.40020060888553,50.0184403878376
2001-12-27,13.22352365117215,20.432923306262442,-66.60397308071245,50.24674926512291
2001-12-28,13.054399025857428,20.710609002476012,-67.08127365531888,48.801162842178435
2001-12-29,13.216098114297155,20.026101732660003,-66.57941348465201,48.92161116850432
2001-12-30,14.556396050694167,19.368430108558158,-64.96232421298892,48.85687264933583
2001-12-31,14.11926669905732,18.880020448622012,-64.6886815650034,48.27643675388964
2002-01-01,14.252234389204249,20.14154820340909,-66.52388706096927,48.76577605837615
2002-01-02,15.430913882012359,18.151514361094645,-66.08611994706982,48.9871581633347
2002-01-03,14.687159107223893,18.176484907256143,-66.70028855180293,49.54338550671817
2002-01-04,15.253543387988703,17.77322768819669,-67.91275558310191,49.40687772802902
2002-01-05,15.550695535695882,17.78632829464675,-68.20151038969796,49.554254394670664
2002-01-06,17.120220017547197,19.953456059418038,-68.6993855573965,48.611132785534565
2002-01-07,16.539193748527623,18.446360895438882,-69.50408993241622,47.65876273087265
2002-01-08,17.942957911405962,18.307513244226826,-68.43330625490412,46.221388927015795
2002-01-09,19.138988296900088,17.82032950142421,-69.42908872693727,46.19019331071484
2002-01-10,20.61174322445095,19.65488355759677,-69.26899973415372,44.90127319647622
2002-01-11,20.183037682752776,20.53165911554626,-72.14690287933827,46.50624683146301
2002-01-12,19.678051470355193,19.566748794114556,-72.80519368547253,44.23747584065553
2002-01-13,18.322729083828545,19.81480580594266,-72.98651961817883,44.15550200411009
2002-01-14,19.461080790841073,19.849617498162377,-74.13802729240855,43.08422747206478
2002-01-15,18.91472073394177,19.07213874991719,-73.65596259331429,43.632809333383996
2002-01-16,19.625479904516563,19.547180506228223,-74.28011694668564,45.04549133656025
2002-01-17,20.865047874988658,19.42456796524724,-74.06352322882188,46.01741421518905
2002-01-18,19.287262710504738,19.278026774958814,-73.80824193024122,46.13851716133158
2002-01-19,19.093655956856015,18.692797657439765,-72.19542188892227,44.69587189904086
2002-01-20,19.146066437800346,19.88793102590136,-73.14581390879279,43.336672177671
2002-01-21,17.60138959906832,21.69135233696256,-73.75176637358152,44.09385563339655
2002-01-22,19.507749450322205,21.220239084249975,-74.28490653526009,45.452598723332784
2002-01-23,20.560351841417788,19.04492276223709,-73.91777457114495,45.88381916571612
2002-01-24,19.904373559220844,17.703453336512275,-73.93091131580034,45.07219710487633
2002-01-25,19.74431032414465,17.811557673856754,-73.38552402604941,44.20472086926792
2002-01-26,18.831184110864655,18.16201248134873,-73.45767596565322,44.956696612625855
2002-01-27,19.31891767869052,18.28393822358532,-72.71724100722106,44.517637914073866
2002-01-28,18.736432838058786,18.25963712481079,-72.22937726103547,45.11366651812994
2002-01-29,17.526975334922657,17.511142617873436,-70.78888959839045,44.497331629911095
2002-01-30,17.766908396201888,17.03346488502593,-72.06942144843042,42.95367343076802
2002-01-31,17.682694908730973,16.884076341103565,-71.65379523512324,43.80611172415394
2002-02-01,17.603577303239746,15.458424394166228,-69.62958771894628,44.231971814580305
2002-02-02,17.02662238271059,18.639192258971654,-69.8189666446128,44.008087805069636
2002-02-03,16.085049118881784,18.67885511933891,-67.93256011971549,43.2979187783062
2002-02-04,16.573560420719307,18.466116734897028,-68.6263019225981,44.885877023142676
2002-02-05,16.898407599219837,17.72833230885941,-69.56003851222538,43.69477165065759
2002-02-06,17.043104869416158,18.214107356868826,-68.53043638637035,43.547297967499354
2002-02-07,17.9114063970543,19.45107200816251,-68.2995285357358,42.49522622339842
2002-02-08,19.231731866882942,19.626225339780458,-69.51108915215961,43.23008730206158
2002-02-09,19.372899166835353,19.254473548141885,-69.50457840106706,42.35826179572899
2002-02-10,20.03124107862748,20.140318593811863,-69.39378982802958,43.37229931895602
2002-02-11,19.329027034372675,19.472138445856427,-67.79278909420142,43.66336514379706
2002-02-12,20.761944063467354,18.581780109080412,-66.1054029641139,43.2277690637202
2002-02-13,21.658107468619345,17.44408311640438,-66.39842755207975,42.17330201138606
2002-02-14,22.818431397132322,17.124716649490153,-65.60040470046857,41.422965954248646
2002-02-15,22.060516926392136,17.68077845296081,-64.91139165119868,39.935863103241424
2002-02-16,22.368640074756403,18.129109472365037,-65.14958604839296,39.632228552105154
2002-02-17,20.869113939075113,17.23405827832043,-63.897455571399014,40.00767530778173
2002-02-18,21.96337516696037,14.72040488271894,-61.92144176231554,38.70389621374441
2002-02-19,22.069008552684362,14.906756744804477,-61.846698220280146,37.845129585653986
2002-02-20,21.481002130839435,15.773602300336451,-61.559953688565386,37.82162388845156
2002-02-21,22.037679805664947,15.604858628551531,-61.524202070108934,36.4395374105067
2002-02-22,22.12673002694701,14.675988698900277,-61.91417315190922,35.82671214211933
2002-02-23,22.50280595490302,14.17832331950808,-61.85974842013852,35.93500019826259
2002-02-24,22.211857375229002,14.785669339947084,-62.85468365674678,35.71088081008719
2002-02-25,23.956446103221147,14.47545232082486,-63.00971405439747,34.8605324137672
2002-02-26,22.166456485058248,14.609684196915808,-64.80916764314921,34.69354792112607
2002-02-27,22.02880408191511,15.08916812941372,-64.26437397254449,35.753940694987826
2002-02-28,23.630840843881284,12.842098556054273,-63.52287184882614,34.57057522929867
2002-03-01,22.578756782509362,13.39078139757808,-63.65119966138105,33.37981421208784
2002-03-02,20.624211629016354,13.316475856126146,-63.836896830727774,32.826608399418866
2002-03-03,20.31668715335303,11.548287791907546,-62.96632203955968,31.69914361103631
2002-03-04,19.665074320999988,12.99251647584676,-64.83101521258361,30.852198326662837
2002-03-05,19.984594515046158,13.33512008798237,-64.94909963620564,29.110901189198
2002-03-06,19.94720694113413,15.601097531627412,-65.14012659081679,28.557055614055287
2002-03-07,19.99347285494966,14.340166340968459,-64.20741713435152,28.484231365302403
2002-03-08,20.3254355447171,12.88399181659748,-65.03011800874044,29.051442530664925
2002-03-09,20.85367850083781,11.559789039383327,-64.48392444730992,28.892415017869673
2002-03-10,20.252632044139972,9.756208496715253,-64.5197119544549,27.379341074537525
2002-03-11,20.086877762490307,11.209111945679982,-63.78301797020277,26.623520570318668
2002-03-12,20.68890357464107,10.341966921660545,-63.990640795145055,25.780287925309004
2002-03-13,20.772959182046947,10.564396407513813,-64.46168501840579,26.821510698647756
2002-03-14,20.8720579987063,10.47159757762666,-64.40440215714024,24.64316530004523
2002-03-15,22.756867274350334,8.750845973850359,-65.99256047229169,24.340121798145677
2002-03-16,25.795314184496693,8.627854860055743,-65.46197930143947,25.006356145733278
2002-03-17,26.62273561932143,8.286301324392882,-65.08759580608435,22.877792648031452
2002-03-18,24.99923594641107,7.87617217212384,-64.48437718319813,21.889703583650846
2002-03-19,24.12817167597137,6.808843868784067,-63.77537582754367,20.0956691472635
2002-03-20,24.637144439569497,6.2347411881855,-64.92223007086054,21.47776177785077
2002-03-21,23.528056121828335,6.310222837607081,-64.6680629840717,22.885409594031117
2002-03-22,23.44059833707438,5.432499311406239,-64.65788710454547,22.0152759250938
2002-03-23,23.128549145730286,4.937682146394929,-64.88359176261694,23.856132556071458
2002-03-24,20.79939097468997,4.496625155165737,-63.205480414279954,24.809935947691688
2002-03-25,19.78026950917115,6.461654567726433,-62.03795997225415,25.76720702904302
2002-03-26,20.729857600974327,7.555067711863574,-62.01256016649671,26.798190818468846
2002-03-27,20.37976299701136,7.622140286003921,-62.437648247850994,25.001579489196615
2002-03-28,20.923389283277366,7.60939130024448,-64.74709745820645,25.755404622205198
2002-03-29,20.621209816930275,8.962819606522459,-63.46861343158917,24.579256599728925
2002-03-30,19.13056798229376,8.702004346199836,-63.9642197916655,24.482251533202515
2002-03-31,18.977105625062627,8.059683485700914,-62.84571074628073,22.998320011116288
2002-04-01,18.68441063831508,7.611928419258176,-61.862783361475536,23.10093085925811
2002-04-02,17.903583640789105,7.987512790811551,-61.226597533838245,21.74471067230542
2002-04-03,17.511114027626455,7.345618249839751,-61.457079457839725,21.322616607508937
2002-04-04,18.00492511917059,7.350611111107496,-60.36833176571129,19.947804893520736
2002-04-05,18.75913007831815,8.031945251128759,-60.312642110283846,19.48441490690566
2002-04-06,18.55504747728996,7.739535023319663,-59.69478470017144,19.27552462960888
2002-04-07,18.336025359961123,6.009180861489567,-60.839423256681016,18.35857818220157
2002-04-08,17.798500668450473,5.25507623047004,-59.2561934913355,20.258416625930646
2002-04-09,18.807075677576975,3.4347366878873955,-56.74782131420001,20.347804703482165
2002-04-10,20.007956834162158,3.3890973805617257,-55.484412854149895,19.218245453489185
2002-04-11,19.566802073396182,1.5984638971953937,-54.885634633393636,19.740710798585692
2002-04-12,20.62416323929072,2.8943696721361833,-54.59613762412986,18.46273756625068
2002-04-13,22.211904855927596,2.620915440230961,-53.43028608144612,19.14976971042739
2002-04-14,22.966202874145235,1.8674443921574688,-53.78878385648293,18.66721750584698
2002-04-15,23.341019485036533,1.7023193508481453,-54.46800650376172,20.1177873885859
2002-04-16,22.191179841264766,2.896397921981945,-53.5400406988131,20.41301974213118
2002-04-17,22.819670851515276,4.400972278665043,-54.31802948042184,21.403918638258638
2002-04-18,22.8484063648745,5.469072640451682,-56.07363236985449,21.762845227502517
2002-04-19,25.637914868632976,5.43223878536249,-54.85200556828267,21.57411327245864
2002-04-20,25.972536854709144,5.880204803330012,-56.642874020432984,22.347020351215566
2002-04-21,27.786467352577322,6.9275856257265005,-57.83479228421599,20.968988820846572
2002-04-22,28.721271084613843,6.868285300899609,-58.307689152007015,22.542721176115872
2002-04-23,28.24217129432896,7.18374193502993,-60.006201415072105,23.1359347200965
2002-04-24,29.255888317762167,8.74920735329061,-61.07608774426023,22.284411396921925
2002-04-25,29.727082965245213,8.484055787365861,-60.0439098148371,21.461907804836695
2002-04-26,29.830473339930393,9.669838215697053,-58.913437043002375,22.900668721762486
2002-04-27,27.84031775934988,10.870003251944157,-58.711583917926056,22.031912199115972
2002-04-28,29.79793814742713,11.342681447793993,-60.26463655254414,21.837673437619024
2002-04-29,29.7109942682429,10.97226534350701,-60.53194211044516,22.186047368300745
2002-04-30,28.24028395505139,10.714281800537124,-60.9432531761442,22.472596471711753
2002-05-01,26.72116104173947,9.893981239141835,-62.52668496199594,22.054087264614303
2002-05-02,27.45642706882473,7.991849078415205,-63.592311201784604,21.620643804948607
2002-05-03,28.026471555135924,7.59179466790273,-64.10862974147186,21.025551454419126
2002-05-04,29.141230431410836,7.764116824952838,-65.75588758187388,22.256179355799272
2002-05-05,29.249472561797113,7.4676144005905885,-65.20038389274646,21.779232847881726
2002-05-06,30.88018287114188,5.82156508497909,-65.43837310476259,21.751328585699117
2002-05-07,28.745333956912717,6.451771200975692,-65.47950718700632,22.11902002508846
2002-05-08,27.241206310296352,6.859602471304033,-66.10081730629027,24.216068695750753
2002-05-09,28.761993235837494,7.72091333163585,-66.10695955991093,24.482851748093935
2002-05-10,29.14260439723131,6.0794903680602115,-66.09838290660609,26.68109987885135
2002-05-11,27.18642253533237,6.729974362032042,-66.49569289993093,24.796380408203806
2002-05-12,27.24928996116057,5.498407025360889,-66.98191887547989,25.59522339022625
2002-05-13,27.795818030058353,4.3151062825003565,-65.90505333269311,26.517641035973128
2002-05-14,28.375516355575307,4.625513764182342,-64.99845969141303,27.723441714543693
2002-05-15,28.103754031885614,5.09474847625686,-65.31382678658622,26.794840440559284
2002-05-16,28.10121118845962,4.058884862946703,-63.39399377399374,26.853994472171625
2002-05-17,28.185606568007262,5.395338226060185,-62.57371513115683,25.24134022942504
2002-05-18,26.897094759982387,5.983345558211641,-62.221939652493205,26.292542037108973
2002-05-19,26.42778813794622,6.493199162395577,-62.05453650252598,25.131865928161265
2002-05-20,24.95316942063363,5.005863950169185,-60.74195087451991,23.532316440081143
2002-05-21,23.895979032343405,5.77589357271502,-61.58928771699918,24.55310893959219
2002-05-22,25.37379951747794,5.5983991378628115,-61.68327163578647,25.49049100107647
2002-05-23,26.20419786862702,4.365648050706353,-60.55684624037637,24.995242202409194
2002-05-24,23.01150834359974,3.8309956439204904,-60.91223548563133,25.15104869971409
2002-05-25,22.703015299316476,3.806636995989889,-60.40155789589064,24.099251100311665
2002-05-26,21.46392703369003,4.2643546447569936,-59.773367369044195,23.468994181309345
2002-05-27,21.24559122923081,4.0819289061546336,-58.43827915960077,23.03094851620758
2002-05-28,21.259075366336546,4.04854889001071,-58.86967637585155,21.063631320272314
2002-05-29,20.86658861112614,2.1641860001471613,-58.37210291209772,19.293453576116647
2002-05-30,20.846061227995445,3.1680640605890984,-57.55672095826247,19.429178780082832
2002-05-31,22.420290086518996,3.9426522173639578,-58.043784081779386,18.484662085895906
2002-06-01,21.222317866663815,3.949419231710923,-58.12632584462844,19.163048921725593
2002-06-02,20.84692374203553,2.122855789749769,-57.30181758002891,19.717672250201066
2002-06-03,21.69640976498154,2.6191080392651385,-56.33586973697532,19.223665661910083
2002-06-04,22.435718007854334,1.7557831466469271,-56.43831254947675,19.3895365254438
2002-06-05,21.944231801699196,3.8107501343041656,-58.01016198010579,20.45919770748142
2002-06-06,22.156591123660064,4.985395296654496,-56.949352632581935,19.000465003079245
2002-06-07,21.068571636129487,4.522761616162273,-57.551680914798226,19.708778737838145
2002-06-08,22.214986783345037,3.8637683455644765,-57.34050514868964,20.85111650840891
2002-06-09,22.39113690440812,3.229870951236702,-57.21627031402699,19.79962798355015
2002-06-10,21.768857912650564,1.765166575205132,-56.791937014800695,18.634245245779677
2002-06-11,22.632377922580826,-0.8998030139557376,-57.158537527623245,17.236330742918344
2002-06-12,22.440524611175867,-1.0029537122501027,-58.04033279965104,18.389016231925034
2002-06-13,21.252188387163258,-0.047757453837063646,-57.15400070284784,18.79570250793954
2002-06-14,20.22599667714232,-0.05858386093013039,-55.69829690879101,19.932621257611533
2002-06-15,18.89448402683926,-0.8087020130847382,-53.528226210282256,20.0514945795951
2002-06-16,18.749096023159765,0.11401316538737061,-53.76001673300445,19.73855693473016
2002-06-17,17.985849040921643,-1.7833826542220914,-53.24790924883072,18.489455075391497
2002-06-18,19.031505382641782,-2.2851700235052195,-53.27038868718495,20.414811159891595
2002-06-19,19.062254601648593,-3.0552793503495,-51.198604055796,21.49323680027994
2002-06-20,18.402114882573237,-2.358545182097632,-50.979225989334765,22.586495716608695
2002-06-21,18.407076795817318,-1.7700961966112638,-49.83444484855908,23.07073530359182
2002-06-22,20.37334023171773,-2.835027317678972,-49.864599477987035,21.710255716886923
2002-06-23,20.024986936763383,-1.5844625072167253,-51.16856248604095,20.940114084131626
2002-06-24,19.856113633291468,-1.9211034333803307,-51.015348178632834,19.791516515889416
2002-06-25,18.32454861337216,-2.436300442256507,-50.721078846691654,19.621119216886203
2002-06-26,18.87212583244336,-2.9308019935739145,-52.806199619767796,20.365845786825933
2002-06-27,18.499009465770634,-3.14574577076481,-52.424402954371686,20.743531370193814
2002-06-28,17.737348127447206,-2.4052534263114835,-52.55323846467149,22.18878189514841
2002-06-29,18.892494741930324,-2.5663098013352372,-49.906026770906806,20.683489349406088
2002-06-30,18.895533403457314,-1.346291775609145,-49.93393873456752,22.026969009588942
2002-07-01,18.96778188784389,-0.6638556242873028,-49.727272669183584,21.444789262018837
2002-07-02,18.572236260835805,-0.649428502432652,-50.35866299374628,21.317097357820508
2002-07-03,19.288273387547747,0.2990981351993631,-50.424423108188144,20.857150766146738
2002-07-04,19.93211505764461,2.8718713595617125,-49.8842874836858,21.082013699197073
2002-07-05,19.384136676338983,1.631107307377066,-49.82617107400347,23.070763715350424
2002-07-06,19.828875802171225,2.2498752679587817,-48.774461793744294,23.66527476491966
2002-07-07,19.603345971163435,2.2515520437923544,-50.011811732847356,24.805815316051472
2002-07-08,20.194041739036656,1.7237983265501704,-49.65929927367728,25.627574276530822
2002-07-09,20.014762690425396,2.2106398150605773,-49.43596525696364,27.340056395613995
2002-07-10,19.084691853238436,2.299339313803978,-48.81518316482883,29.04541229733392
2002-07-11,20.265470892957193,3.7061452932121446,-50.684634485709886,27.281153314773512
2002-07-12,20.026540247620108,3.870460015748784,-49.56984991283247,28.35625748783838
2002-07-13,20.155508588095973,4.869044632085374,-51.307582392383814,28.28438203982724
2002-07-14,21.86420304713703,6.6793934044112415,-50.78643940857718,28.953046522448233
2002-07-15,20.86818097609056,7.3439396689341425,-51.35387950762283,29.25676179370838
2002-07-16,22.095534055506434,7.881691444564222,-50.25227123126195,28.231202222631858
2002-07-17,21.554731289929872,7.400280573440068,-50.67870408403687,30.453371690100873
2002-07-18,20.583416340577088,8.173265889695127,-51.185999131341006,32.72463726657806
2002-07-19,21.413683323496358,7.705707455183505,-51.096041805799906,33.04093939775785
2002-07-20,21.711721426410445,8.503109292211533,-49.79563709846452,34.42598026936715
2002-07-21,20.808194677156756,9.548331485300961,-48.6878845030214,34.870413662844776
2002-07-22,19.776704901808674,9.16776477948988,-50.011032041515,35.20397592861539
2002-07-23,20.041898069254213,7.225238620257547,-48.58035576707924,36.21160200953879
2002-07-24,20.158848284992686,5.485441479590731,-49.34599472840548,36.25632156254043
2002-07-25,19.740919491916628,6.369386424316977,-48.564215916786715,35.17500622931687
2002-07-26,20.32159686973717,6.34369839968372,-50.27727578837812,35.810111780396205
2002-07-27,19.74409567975577,6.715530392861852,-51.13361558919135,35.15116283730044
2002-07-28,19.343083390615767,5.710815335108791,-52.05167120984123,36.83307822481111
2002-07-29,18.84650747264539,7.307134064770442,-52.48868045374879,37.60089441507387
2002-07-30,19.113877103888917,9.754984786720199,-51.64935186982902,37.39242146292154
2002-07-31,18.007374305528735,9.634328856706741,-51.44618920102254,38.59922853981131
2002-08-01,15.80979084263648,11.500487063525568,-52.208454921777125,37.638340207395956
2002-08-02,15.978893276657404,11.511518978073237,-53.153322281151446,37.0019611381638
2002-08-03,15.174584849913774,11.557903946827045,-53.55258730335576,37.61579387194719
2002-08-04,14.018120047490543,14.771115173346224,-52.312311680811334,35.61796425556654
2002-08-05,13.458881377103005,15.480898526912725,-52.1059686928899,37.76233254164909
2002-08-06,13.703154092352756,15.14508844422827,-52.28880603957375,38.62943058332608
2002-08-07,13.356657500000544,15.8593732462294,-52.28298651404335,40.84797259207282
2002-08-08,12.990477039716948,16.19147816363812,-52.92679232477741,40.14652455485453
2002-08-09,12.53961826409732,16.132531573772805,-53.16345865554823,39.95998193971956
2002-08-10,13.514890187155798,14.593489446161138,-53.833336836670966,39.55684089636693
2002-08-11,10.882236015068226,15.38041813034586,-53.32584266069273,38.43361840193239
2002-08-12,12.412886153963417,15.52566420858988,-52.477909228817154,39.6384458194252
2002-08-13,10.966874542275496,14.72077534169371,-52.188145498901,39.67207102820796
2002-08-14,12.879301957170288,11.999338211809047,-51.74268319963444,40.92298976389116
2002-08-15,12.954030386051599,12.093362797054864,-51.18885733196979,41.55124487710168
2002-08-16,12.99705933184182,10.680360035693392,-50.81321210192729,42.958415648729286
2002-08-17,12.455673628236486,12.465984763590477,-51.66729896925997,42.46262573619834
2002-08-18,11.663393856422278,12.592990276575522,-51.79620559231728,42.710102010973536
2002-08-19,10.375959838138135,12.924268355942264,-52.288880975681124,41.7319245613916
2002-08-20,10.962664559161526,12.239434191874107,-51.4384966597414,40.622912527990415
2002-08-21,11.049735457035693,11.844645644485148,-50.5164675104678,41.58581870460526
2002-08-22,11.127344310452674,11.862949671223095,-50.108644026531096,41.714996633486564
2002-08-23,9.01692236147119,10.799822084125491,-50.22969751387997,41.61003831898385
2002-08-24,9.370487499184872,11.270963153342867,-49.710644118422756,38.936228885608365
2002-08-25,8.382249778611161,12.151771312279964,-50.96153080849183,38.36564150615951
2002-08-26,9.43393336658489,11.752145568804638,-50.626369012407736,37.43394149655955
2002-08-27,8.625932802838145,11.310537060231546,-51.84475705137908,39.86969069871322
2002-08-28,7.50342105812018,12.555499592424912,-51.57877410772693,41.31083888052185
2002-08-29,7.465740249099239,11.877012171589476,-51.605937743548026,41.40610179251156
2002-08-30,4.423168720346948,10.607095951435825,-52.50143966984655,42.85910510826292
2002-08-31,3.3579006232152895,11.577511360717713,-53.91459870072421,43.65918579595998
2002-09-01,2.6423797063931884,11.299679605229558,-53.122534256515635,42.7976769897792
2002-09-02,2.470564311770247,11.59454552151267,-53.798758051927145,42.53280814024992
2002-09-03,3.4531633004700657,11.085476750348233,-53.42428054985553,41.55159172848915
2002-09-04,3.7904671178707696,10.04580082749858,-54.335366542075704,43.19982314774301
2002-09-05,0.9506627224748403,9.464102489500549,-54.04152669785388,42.11505398053101
2002-09-06,0.0199118098500769,10.188732792110608,-53.130143878980505,41.10160744591015
2002-09-07,-0.6167320992328155,11.824757524747858,-53.67864428213026,42.05301396543012
2002-09-08,-0.09719596293011568,12.101496085103363,-53.58487737707685,42.736338224692
2002-09-09,0.043538459039364236,13.558770617566587,-53.76727999061462,42.18070740803222
2002-09-10,0.9587504819037795,13.148661418822716,-54.12073839941647,41.15287243640231
2002-09-11,0.709439939665806,14.153722642462773,-55.46719424497031,40.99861712405043
2002-09-12,0.854265881743471,14.698440794178778,-55.8117530611488,41.187655701043234
2002-09-13,1.6976675227557094,14.302013811359119,-55.258005533855886,41.64563683767977
2002-09-14,2.5316415273212627,14.698623073758428,-54.23328269362397,41.29878096199577
2002-09-15,2.4319668434313915,13.965826774609528,-52.136360586519366,41.91776961123019
2002-09-16,3.3814149585336706,14.843195995411733,-52.20638910512129,41.729312360273894
2002-09-17,2.539246268137029,14.530862806706228,-50.54577431453065,41.217247898921016
2002-09-18,3.1590667204692715,15.352745964905656,-50.59903016630635,41.12810970148228
2002-09-19,3.6257804107605573,15.562330293475645,-50.68554818383931,41.8010561918875
2002-09-20,5.205944339907052,14.986031215164836,-47.68574753374858,41.46049457565059
2002-09-21,4.9198980114793285,15.71840946994048,-47.3791433318641,41.2079738360448
2002-09-22,4.720369513406592,16.123690725286572,-47.59933711784368,39.99718648070429
2002-09-23,4.850302800314091,16.28962483943829,-48.96140799984055,40.75903524104545
2002-09-24,3.109755220695982,15.695915761319267,-48.0413042147547,39.799453832779065
2002-09-25,3.1901814914126163,16.735558604398374,-47.15789652663456,38.69381996529657
2002-09-26,1.2125080445865035,18.904797988282045,-49.80569508010586,37.51742265378399
